"image","name","image_url"
"=IMAGE(C2,4,15,23)","China","https://upload.wikimedia.org/wikipedia/commons/thumb/f/fa/Flag_of_the_People%27s_Republic_of_China.svg/23px-Flag_of_the_People%27s_Republic_of_China.svg.png"
"=IMAGE(C3,4,15,23)","India","https://upload.wikimedia.org/wikipedia/en/thumb/4/41/Flag_of_India.svg/23px-Flag_of_India.svg.png"
"=IMAGE(C4,4,15,23)","United States","https://upload.wikimedia.org/wikipedia/en/thumb/a/a4/Flag_of_the_United_States.svg/23px-Flag_of_the_United_States.svg.png"
"=IMAGE(C5,4,15,23)","Indonesia","https://upload.wikimedia.org/wikipedia/commons/thumb/9/9f/Flag_of_Indonesia.svg/23px-Flag_of_Indonesia.svg.png"
"=IMAGE(C6,4,15,23)","Pakistan","https://upload.wikimedia.org/wikipedia/commons/thumb/3/32/Flag_of_Pakistan.svg/23px-Flag_of_Pakistan.svg.png"
"=IMAGE(C7,4,15,23)","Brazil","https://upload.wikimedia.org/wikipedia/en/thumb/0/05/Flag_of_Brazil.svg/22px-Flag_of_Brazil.svg.png"
"=IMAGE(C8,4,15,23)","Nigeria","https://upload.wikimedia.org/wikipedia/commons/thumb/7/79/Flag_of_Nigeria.svg/23px-Flag_of_Nigeria.svg.png"
"=IMAGE(C9,4,15,23)","Bangladesh","https://upload.wikimedia.org/wikipedia/commons/thumb/f/f9/Flag_of_Bangladesh.svg/23px-Flag_of_Bangladesh.svg.png"
"=IMAGE(C10,4,15,23)","Russia","https://upload.wikimedia.org/wikipedia/en/thumb/f/f3/Flag_of_Russia.svg/23px-Flag_of_Russia.svg.png"
"=IMAGE(C11,4,15,23)","Mexico","https://upload.wikimedia.org/wikipedia/commons/thumb/f/fc/Flag_of_Mexico.svg/23px-Flag_of_Mexico.svg.png"
"=IMAGE(C12,4,15,23)","Japan","https://upload.wikimedia.org/wikipedia/en/thumb/9/9e/Flag_of_Japan.svg/23px-Flag_of_Japan.svg.png"
"=IMAGE(C13,4,15,23)","Ethiopia","https://upload.wikimedia.org/wikipedia/commons/thumb/7/71/Flag_of_Ethiopia.svg/23px-Flag_of_Ethiopia.svg.png"
"=IMAGE(C14,4,15,23)","Philippines","https://upload.wikimedia.org/wikipedia/commons/thumb/9/99/Flag_of_the_Philippines.svg/23px-Flag_of_the_Philippines.svg.png"
"=IMAGE(C15,4,15,23)","Egypt","https://upload.wikimedia.org/wikipedia/commons/thumb/f/fe/Flag_of_Egypt.svg/23px-Flag_of_Egypt.svg.png"
"=IMAGE(C16,4,15,23)","Vietnam","https://upload.wikimedia.org/wikipedia/commons/thumb/2/21/Flag_of_Vietnam.svg/23px-Flag_of_Vietnam.svg.png"
"=IMAGE(C17,4,15,23)","Democratic Republic of the Congo","https://upload.wikimedia.org/wikipedia/commons/thumb/6/6f/Flag_of_the_Democratic_Republic_of_the_Congo.svg/20px-Flag_of_the_Democratic_Republic_of_the_Congo.svg.png"
"=IMAGE(C18,4,15,23)","Germany","https://upload.wikimedia.org/wikipedia/en/thumb/b/ba/Flag_of_Germany.svg/23px-Flag_of_Germany.svg.png"
"=IMAGE(C19,4,15,23)","Turkey","https://upload.wikimedia.org/wikipedia/commons/thumb/b/b4/Flag_of_Turkey.svg/23px-Flag_of_Turkey.svg.png"
"=IMAGE(C20,4,15,23)","Iran","https://upload.wikimedia.org/wikipedia/commons/thumb/c/ca/Flag_of_Iran.svg/23px-Flag_of_Iran.svg.png"
"=IMAGE(C21,4,15,23)","Thailand","https://upload.wikimedia.org/wikipedia/commons/thumb/a/a9/Flag_of_Thailand.svg/23px-Flag_of_Thailand.svg.png"
"=IMAGE(C22,4,15,23)","United Kingdom","https://upload.wikimedia.org/wikipedia/en/thumb/a/ae/Flag_of_the_United_Kingdom.svg/23px-Flag_of_the_United_Kingdom.svg.png"
"=IMAGE(C23,4,15,23)","France","https://upload.wikimedia.org/wikipedia/en/thumb/c/c3/Flag_of_France.svg/23px-Flag_of_France.svg.png"
"=IMAGE(C24,4,15,23)","Italy","https://upload.wikimedia.org/wikipedia/en/thumb/0/03/Flag_of_Italy.svg/23px-Flag_of_Italy.svg.png"
"=IMAGE(C25,4,15,23)","South Africa","https://upload.wikimedia.org/wikipedia/commons/thumb/a/af/Flag_of_South_Africa.svg/23px-Flag_of_South_Africa.svg.png"
"=IMAGE(C26,4,15,23)","Tanzania","https://upload.wikimedia.org/wikipedia/commons/thumb/3/38/Flag_of_Tanzania.svg/23px-Flag_of_Tanzania.svg.png"
"=IMAGE(C27,4,15,23)","Myanmar","https://upload.wikimedia.org/wikipedia/commons/thumb/8/8c/Flag_of_Myanmar.svg/23px-Flag_of_Myanmar.svg.png"
"=IMAGE(C28,4,15,23)","Kenya","https://upload.wikimedia.org/wikipedia/commons/thumb/4/49/Flag_of_Kenya.svg/23px-Flag_of_Kenya.svg.png"
"=IMAGE(C29,4,15,23)","South Korea","https://upload.wikimedia.org/wikipedia/commons/thumb/0/09/Flag_of_South_Korea.svg/23px-Flag_of_South_Korea.svg.png"
"=IMAGE(C30,4,15,23)","Colombia","https://upload.wikimedia.org/wikipedia/commons/thumb/2/21/Flag_of_Colombia.svg/23px-Flag_of_Colombia.svg.png"
"=IMAGE(C31,4,15,23)","Spain","https://upload.wikimedia.org/wikipedia/en/thumb/9/9a/Flag_of_Spain.svg/23px-Flag_of_Spain.svg.png"
"=IMAGE(C32,4,15,23)","Argentina","https://upload.wikimedia.org/wikipedia/commons/thumb/1/1a/Flag_of_Argentina.svg/23px-Flag_of_Argentina.svg.png"
"=IMAGE(C33,4,15,23)","Uganda","https://upload.wikimedia.org/wikipedia/commons/thumb/4/4e/Flag_of_Uganda.svg/23px-Flag_of_Uganda.svg.png"
"=IMAGE(C34,4,15,23)","Ukraine","https://upload.wikimedia.org/wikipedia/commons/thumb/4/49/Flag_of_Ukraine.svg/23px-Flag_of_Ukraine.svg.png"
"=IMAGE(C35,4,15,23)","Algeria","https://upload.wikimedia.org/wikipedia/commons/thumb/7/77/Flag_of_Algeria.svg/23px-Flag_of_Algeria.svg.png"
"=IMAGE(C36,4,15,23)","Sudan","https://upload.wikimedia.org/wikipedia/commons/thumb/0/01/Flag_of_Sudan.svg/23px-Flag_of_Sudan.svg.png"
"=IMAGE(C37,4,15,23)","Iraq","https://upload.wikimedia.org/wikipedia/commons/thumb/f/f6/Flag_of_Iraq.svg/23px-Flag_of_Iraq.svg.png"
"=IMAGE(C38,4,15,23)","Afghanistan","https://upload.wikimedia.org/wikipedia/commons/thumb/5/5c/Flag_of_the_Taliban.svg/23px-Flag_of_the_Taliban.svg.png"
"=IMAGE(C39,4,15,23)","Poland","https://upload.wikimedia.org/wikipedia/en/thumb/1/12/Flag_of_Poland.svg/23px-Flag_of_Poland.svg.png"
"=IMAGE(C40,4,15,23)","Canada","https://upload.wikimedia.org/wikipedia/commons/thumb/d/d9/Flag_of_Canada_%28Pantone%29.svg/23px-Flag_of_Canada_%28Pantone%29.svg.png"
"=IMAGE(C41,4,15,23)","Morocco","https://upload.wikimedia.org/wikipedia/commons/thumb/2/2c/Flag_of_Morocco.svg/23px-Flag_of_Morocco.svg.png"
"=IMAGE(C42,4,15,23)","Saudi Arabia","https://upload.wikimedia.org/wikipedia/commons/thumb/0/0d/Flag_of_Saudi_Arabia.svg/23px-Flag_of_Saudi_Arabia.svg.png"
"=IMAGE(C43,4,15,23)","Uzbekistan","https://upload.wikimedia.org/wikipedia/commons/thumb/8/84/Flag_of_Uzbekistan.svg/23px-Flag_of_Uzbekistan.svg.png"
"=IMAGE(C44,4,15,23)","Peru","https://upload.wikimedia.org/wikipedia/commons/thumb/c/cf/Flag_of_Peru.svg/23px-Flag_of_Peru.svg.png"
"=IMAGE(C45,4,15,23)","Malaysia","https://upload.wikimedia.org/wikipedia/commons/thumb/6/66/Flag_of_Malaysia.svg/23px-Flag_of_Malaysia.svg.png"
"=IMAGE(C46,4,15,23)","Angola","https://upload.wikimedia.org/wikipedia/commons/thumb/9/9d/Flag_of_Angola.svg/23px-Flag_of_Angola.svg.png"
"=IMAGE(C47,4,15,23)","Mozambique","https://upload.wikimedia.org/wikipedia/commons/thumb/d/d0/Flag_of_Mozambique.svg/23px-Flag_of_Mozambique.svg.png"
"=IMAGE(C48,4,15,23)","Yemen","https://upload.wikimedia.org/wikipedia/commons/thumb/8/89/Flag_of_Yemen.svg/23px-Flag_of_Yemen.svg.png"
"=IMAGE(C49,4,15,23)","Ghana","https://upload.wikimedia.org/wikipedia/commons/thumb/1/19/Flag_of_Ghana.svg/23px-Flag_of_Ghana.svg.png"
"=IMAGE(C50,4,15,23)","Nepal","https://upload.wikimedia.org/wikipedia/commons/thumb/9/9b/Flag_of_Nepal.svg/16px-Flag_of_Nepal.svg.png"
"=IMAGE(C51,4,15,23)","Venezuela","https://upload.wikimedia.org/wikipedia/commons/thumb/0/06/Flag_of_Venezuela.svg/23px-Flag_of_Venezuela.svg.png"
"=IMAGE(C52,4,15,23)","Madagascar","https://upload.wikimedia.org/wikipedia/commons/thumb/b/bc/Flag_of_Madagascar.svg/23px-Flag_of_Madagascar.svg.png"
"=IMAGE(C53,4,15,23)","North Korea","https://upload.wikimedia.org/wikipedia/commons/thumb/5/51/Flag_of_North_Korea.svg/23px-Flag_of_North_Korea.svg.png"
"=IMAGE(C54,4,15,23)","Ivory Coast","https://upload.wikimedia.org/wikipedia/commons/thumb/f/fe/Flag_of_C%C3%B4te_d%27Ivoire.svg/23px-Flag_of_C%C3%B4te_d%27Ivoire.svg.png"
"=IMAGE(C55,4,15,23)","Cameroon","https://upload.wikimedia.org/wikipedia/commons/thumb/4/4f/Flag_of_Cameroon.svg/23px-Flag_of_Cameroon.svg.png"
"=IMAGE(C56,4,15,23)","Australia","https://upload.wikimedia.org/wikipedia/commons/thumb/8/88/Flag_of_Australia_%28converted%29.svg/23px-Flag_of_Australia_%28converted%29.svg.png"
"=IMAGE(C57,4,15,23)","Taiwan","https://upload.wikimedia.org/wikipedia/commons/thumb/7/72/Flag_of_the_Republic_of_China.svg/23px-Flag_of_the_Republic_of_China.svg.png"
"=IMAGE(C58,4,15,23)","Niger","https://upload.wikimedia.org/wikipedia/commons/thumb/f/f4/Flag_of_Niger.svg/18px-Flag_of_Niger.svg.png"
"=IMAGE(C59,4,15,23)","Sri Lanka","https://upload.wikimedia.org/wikipedia/commons/thumb/1/11/Flag_of_Sri_Lanka.svg/23px-Flag_of_Sri_Lanka.svg.png"
"=IMAGE(C60,4,15,23)","Burkina Faso","https://upload.wikimedia.org/wikipedia/commons/thumb/3/31/Flag_of_Burkina_Faso.svg/23px-Flag_of_Burkina_Faso.svg.png"
"=IMAGE(C61,4,15,23)","Mali","https://upload.wikimedia.org/wikipedia/commons/thumb/9/92/Flag_of_Mali.svg/23px-Flag_of_Mali.svg.png"
"=IMAGE(C62,4,15,23)","Romania","https://upload.wikimedia.org/wikipedia/commons/thumb/7/73/Flag_of_Romania.svg/23px-Flag_of_Romania.svg.png"
"=IMAGE(C63,4,15,23)","Malawi","https://upload.wikimedia.org/wikipedia/commons/thumb/d/d1/Flag_of_Malawi.svg/23px-Flag_of_Malawi.svg.png"
"=IMAGE(C64,4,15,23)","Chile","https://upload.wikimedia.org/wikipedia/commons/thumb/7/78/Flag_of_Chile.svg/23px-Flag_of_Chile.svg.png"
"=IMAGE(C65,4,15,23)","Kazakhstan","https://upload.wikimedia.org/wikipedia/commons/thumb/d/d3/Flag_of_Kazakhstan.svg/23px-Flag_of_Kazakhstan.svg.png"
"=IMAGE(C66,4,15,23)","Zambia","https://upload.wikimedia.org/wikipedia/commons/thumb/0/06/Flag_of_Zambia.svg/23px-Flag_of_Zambia.svg.png"
"=IMAGE(C67,4,15,23)","Guatemala","https://upload.wikimedia.org/wikipedia/commons/thumb/e/ec/Flag_of_Guatemala.svg/23px-Flag_of_Guatemala.svg.png"
"=IMAGE(C68,4,15,23)","Ecuador","https://upload.wikimedia.org/wikipedia/commons/thumb/e/e8/Flag_of_Ecuador.svg/23px-Flag_of_Ecuador.svg.png"
"=IMAGE(C69,4,15,23)","Netherlands","https://upload.wikimedia.org/wikipedia/commons/thumb/2/20/Flag_of_the_Netherlands.svg/23px-Flag_of_the_Netherlands.svg.png"
"=IMAGE(C70,4,15,23)","Syria","https://upload.wikimedia.org/wikipedia/commons/thumb/5/53/Flag_of_Syria.svg/23px-Flag_of_Syria.svg.png"
"=IMAGE(C71,4,15,23)","Cambodia","https://upload.wikimedia.org/wikipedia/commons/thumb/8/83/Flag_of_Cambodia.svg/23px-Flag_of_Cambodia.svg.png"
"=IMAGE(C72,4,15,23)","Senegal","https://upload.wikimedia.org/wikipedia/commons/thumb/f/fd/Flag_of_Senegal.svg/23px-Flag_of_Senegal.svg.png"
"=IMAGE(C73,4,15,23)","Chad","https://upload.wikimedia.org/wikipedia/commons/thumb/4/4b/Flag_of_Chad.svg/23px-Flag_of_Chad.svg.png"
"=IMAGE(C74,4,15,23)","Somalia","https://upload.wikimedia.org/wikipedia/commons/thumb/a/a0/Flag_of_Somalia.svg/23px-Flag_of_Somalia.svg.png"
"=IMAGE(C75,4,15,23)","Zimbabwe","https://upload.wikimedia.org/wikipedia/commons/thumb/6/6a/Flag_of_Zimbabwe.svg/23px-Flag_of_Zimbabwe.svg.png"
"=IMAGE(C76,4,15,23)","Guinea","https://upload.wikimedia.org/wikipedia/commons/thumb/e/ed/Flag_of_Guinea.svg/23px-Flag_of_Guinea.svg.png"
"=IMAGE(C77,4,15,23)","Rwanda","https://upload.wikimedia.org/wikipedia/commons/thumb/1/17/Flag_of_Rwanda.svg/23px-Flag_of_Rwanda.svg.png"
"=IMAGE(C78,4,15,23)","Benin","https://upload.wikimedia.org/wikipedia/commons/thumb/0/0a/Flag_of_Benin.svg/23px-Flag_of_Benin.svg.png"
"=IMAGE(C79,4,15,23)","Tunisia","https://upload.wikimedia.org/wikipedia/commons/thumb/c/ce/Flag_of_Tunisia.svg/23px-Flag_of_Tunisia.svg.png"
"=IMAGE(C80,4,15,23)","Belgium","https://upload.wikimedia.org/wikipedia/commons/thumb/9/92/Flag_of_Belgium_%28civil%29.svg/23px-Flag_of_Belgium_%28civil%29.svg.png"
"=IMAGE(C81,4,15,23)","Bolivia","https://upload.wikimedia.org/wikipedia/commons/thumb/b/b3/Bandera_de_Bolivia_%28Estado%29.svg/22px-Bandera_de_Bolivia_%28Estado%29.svg.png"
"=IMAGE(C82,4,15,23)","Cuba","https://upload.wikimedia.org/wikipedia/commons/thumb/b/bd/Flag_of_Cuba.svg/23px-Flag_of_Cuba.svg.png"
"=IMAGE(C83,4,15,23)","Haiti","https://upload.wikimedia.org/wikipedia/commons/thumb/5/56/Flag_of_Haiti.svg/23px-Flag_of_Haiti.svg.png"
"=IMAGE(C84,4,15,23)","South Sudan","https://upload.wikimedia.org/wikipedia/commons/thumb/7/7a/Flag_of_South_Sudan.svg/23px-Flag_of_South_Sudan.svg.png"
"=IMAGE(C85,4,15,23)","Burundi","https://upload.wikimedia.org/wikipedia/commons/thumb/5/50/Flag_of_Burundi.svg/23px-Flag_of_Burundi.svg.png"
"=IMAGE(C86,4,15,23)","Dominican Republic","https://upload.wikimedia.org/wikipedia/commons/thumb/9/9f/Flag_of_the_Dominican_Republic.svg/23px-Flag_of_the_Dominican_Republic.svg.png"
"=IMAGE(C87,4,15,23)","Czech Republic","https://upload.wikimedia.org/wikipedia/commons/thumb/c/cb/Flag_of_the_Czech_Republic.svg/23px-Flag_of_the_Czech_Republic.svg.png"
"=IMAGE(C88,4,15,23)","Greece","https://upload.wikimedia.org/wikipedia/commons/thumb/5/5c/Flag_of_Greece.svg/23px-Flag_of_Greece.svg.png"
"=IMAGE(C89,4,15,23)","Portugal","https://upload.wikimedia.org/wikipedia/commons/thumb/5/5c/Flag_of_Portugal.svg/23px-Flag_of_Portugal.svg.png"
"=IMAGE(C90,4,15,23)","Jordan","https://upload.wikimedia.org/wikipedia/commons/thumb/c/c0/Flag_of_Jordan.svg/23px-Flag_of_Jordan.svg.png"
"=IMAGE(C91,4,15,23)","Azerbaijan","https://upload.wikimedia.org/wikipedia/commons/thumb/d/dd/Flag_of_Azerbaijan.svg/23px-Flag_of_Azerbaijan.svg.png"
"=IMAGE(C92,4,15,23)","Sweden","https://upload.wikimedia.org/wikipedia/en/thumb/4/4c/Flag_of_Sweden.svg/23px-Flag_of_Sweden.svg.png"
"=IMAGE(C93,4,15,23)","United Arab Emirates","https://upload.wikimedia.org/wikipedia/commons/thumb/c/cb/Flag_of_the_United_Arab_Emirates.svg/23px-Flag_of_the_United_Arab_Emirates.svg.png"
"=IMAGE(C94,4,15,23)","Honduras","https://upload.wikimedia.org/wikipedia/commons/thumb/8/82/Flag_of_Honduras.svg/23px-Flag_of_Honduras.svg.png"
"=IMAGE(C95,4,15,23)","Hungary","https://upload.wikimedia.org/wikipedia/commons/thumb/c/c1/Flag_of_Hungary.svg/23px-Flag_of_Hungary.svg.png"
"=IMAGE(C96,4,15,23)","Belarus","https://upload.wikimedia.org/wikipedia/commons/thumb/8/85/Flag_of_Belarus.svg/23px-Flag_of_Belarus.svg.png"
"=IMAGE(C97,4,15,23)","Tajikistan","https://upload.wikimedia.org/wikipedia/commons/thumb/d/d0/Flag_of_Tajikistan.svg/23px-Flag_of_Tajikistan.svg.png"
"=IMAGE(C98,4,15,23)","Austria","https://upload.wikimedia.org/wikipedia/commons/thumb/4/41/Flag_of_Austria.svg/23px-Flag_of_Austria.svg.png"
"=IMAGE(C99,4,15,23)","Papua New Guinea","https://upload.wikimedia.org/wikipedia/commons/thumb/e/e3/Flag_of_Papua_New_Guinea.svg/20px-Flag_of_Papua_New_Guinea.svg.png"
"=IMAGE(C100,4,15,23)","Serbia","https://upload.wikimedia.org/wikipedia/commons/thumb/f/ff/Flag_of_Serbia.svg/23px-Flag_of_Serbia.svg.png"
"=IMAGE(C101,4,15,23)","Switzerland","https://upload.wikimedia.org/wikipedia/commons/thumb/0/08/Flag_of_Switzerland_%28Pantone%29.svg/16px-Flag_of_Switzerland_%28Pantone%29.svg.png"
"=IMAGE(C102,4,15,23)","Israel","https://upload.wikimedia.org/wikipedia/commons/thumb/d/d4/Flag_of_Israel.svg/21px-Flag_of_Israel.svg.png"
"=IMAGE(C103,4,15,23)","Togo","https://upload.wikimedia.org/wikipedia/commons/thumb/6/68/Flag_of_Togo.svg/23px-Flag_of_Togo.svg.png"
"=IMAGE(C104,4,15,23)","Sierra Leone","https://upload.wikimedia.org/wikipedia/commons/thumb/1/17/Flag_of_Sierra_Leone.svg/23px-Flag_of_Sierra_Leone.svg.png"
"=IMAGE(C105,4,15,23)","Hong Kong","https://upload.wikimedia.org/wikipedia/commons/thumb/5/5b/Flag_of_Hong_Kong.svg/23px-Flag_of_Hong_Kong.svg.png"
"=IMAGE(C106,4,15,23)","Laos","https://upload.wikimedia.org/wikipedia/commons/thumb/5/56/Flag_of_Laos.svg/23px-Flag_of_Laos.svg.png"
"=IMAGE(C107,4,15,23)","Paraguay","https://upload.wikimedia.org/wikipedia/commons/thumb/2/27/Flag_of_Paraguay.svg/23px-Flag_of_Paraguay.svg.png"
"=IMAGE(C108,4,15,23)","Bulgaria","https://upload.wikimedia.org/wikipedia/commons/thumb/9/9a/Flag_of_Bulgaria.svg/23px-Flag_of_Bulgaria.svg.png"
"=IMAGE(C109,4,15,23)","Lebanon","https://upload.wikimedia.org/wikipedia/commons/thumb/5/59/Flag_of_Lebanon.svg/23px-Flag_of_Lebanon.svg.png"
"=IMAGE(C110,4,15,23)","Libya","https://upload.wikimedia.org/wikipedia/commons/thumb/0/05/Flag_of_Libya.svg/23px-Flag_of_Libya.svg.png"
"=IMAGE(C111,4,15,23)","Nicaragua","https://upload.wikimedia.org/wikipedia/commons/thumb/1/19/Flag_of_Nicaragua.svg/23px-Flag_of_Nicaragua.svg.png"
"=IMAGE(C112,4,15,23)","El Salvador","https://upload.wikimedia.org/wikipedia/commons/thumb/3/34/Flag_of_El_Salvador.svg/23px-Flag_of_El_Salvador.svg.png"
"=IMAGE(C113,4,15,23)","Kyrgyzstan","https://upload.wikimedia.org/wikipedia/commons/thumb/c/c7/Flag_of_Kyrgyzstan.svg/23px-Flag_of_Kyrgyzstan.svg.png"
"=IMAGE(C114,4,15,23)","Turkmenistan","https://upload.wikimedia.org/wikipedia/commons/thumb/1/1b/Flag_of_Turkmenistan.svg/23px-Flag_of_Turkmenistan.svg.png"
"=IMAGE(C115,4,15,23)","Singapore","https://upload.wikimedia.org/wikipedia/commons/thumb/4/48/Flag_of_Singapore.svg/23px-Flag_of_Singapore.svg.png"
"=IMAGE(C116,4,15,23)","Denmark","https://upload.wikimedia.org/wikipedia/commons/thumb/9/9c/Flag_of_Denmark.svg/20px-Flag_of_Denmark.svg.png"
"=IMAGE(C117,4,15,23)","Finland","https://upload.wikimedia.org/wikipedia/commons/thumb/b/bc/Flag_of_Finland.svg/23px-Flag_of_Finland.svg.png"
"=IMAGE(C118,4,15,23)","Slovakia","https://upload.wikimedia.org/wikipedia/commons/thumb/e/e6/Flag_of_Slovakia.svg/23px-Flag_of_Slovakia.svg.png"
"=IMAGE(C119,4,15,23)","Republic of the Congo","https://upload.wikimedia.org/wikipedia/commons/thumb/9/92/Flag_of_the_Republic_of_the_Congo.svg/23px-Flag_of_the_Republic_of_the_Congo.svg.png"
"=IMAGE(C120,4,15,23)","Norway","https://upload.wikimedia.org/wikipedia/commons/thumb/d/d9/Flag_of_Norway.svg/21px-Flag_of_Norway.svg.png"
"=IMAGE(C121,4,15,23)","Costa Rica","https://upload.wikimedia.org/wikipedia/commons/thumb/f/f2/Flag_of_Costa_Rica.svg/23px-Flag_of_Costa_Rica.svg.png"
"=IMAGE(C122,4,15,23)","State of Palestine","https://upload.wikimedia.org/wikipedia/commons/thumb/0/00/Flag_of_Palestine.svg/23px-Flag_of_Palestine.svg.png"
"=IMAGE(C123,4,15,23)","Oman","https://upload.wikimedia.org/wikipedia/commons/thumb/d/dd/Flag_of_Oman.svg/23px-Flag_of_Oman.svg.png"
"=IMAGE(C124,4,15,23)","Liberia","https://upload.wikimedia.org/wikipedia/commons/thumb/b/b8/Flag_of_Liberia.svg/23px-Flag_of_Liberia.svg.png"
"=IMAGE(C125,4,15,23)","Republic of Ireland","https://upload.wikimedia.org/wikipedia/commons/thumb/4/45/Flag_of_Ireland.svg/23px-Flag_of_Ireland.svg.png"
"=IMAGE(C126,4,15,23)","New Zealand","https://upload.wikimedia.org/wikipedia/commons/thumb/3/3e/Flag_of_New_Zealand.svg/23px-Flag_of_New_Zealand.svg.png"
"=IMAGE(C127,4,15,23)","Central African Republic","https://upload.wikimedia.org/wikipedia/commons/thumb/6/6f/Flag_of_the_Central_African_Republic.svg/23px-Flag_of_the_Central_African_Republic.svg.png"
"=IMAGE(C128,4,15,23)","Mauritania","https://upload.wikimedia.org/wikipedia/commons/thumb/4/43/Flag_of_Mauritania.svg/23px-Flag_of_Mauritania.svg.png"
"=IMAGE(C129,4,15,23)","Panama","https://upload.wikimedia.org/wikipedia/commons/thumb/a/ab/Flag_of_Panama.svg/23px-Flag_of_Panama.svg.png"
"=IMAGE(C130,4,15,23)","Kuwait","https://upload.wikimedia.org/wikipedia/commons/thumb/a/aa/Flag_of_Kuwait.svg/23px-Flag_of_Kuwait.svg.png"
"=IMAGE(C131,4,15,23)","Croatia","https://upload.wikimedia.org/wikipedia/commons/thumb/1/1b/Flag_of_Croatia.svg/23px-Flag_of_Croatia.svg.png"
"=IMAGE(C132,4,15,23)","Moldova","https://upload.wikimedia.org/wikipedia/commons/thumb/2/27/Flag_of_Moldova.svg/23px-Flag_of_Moldova.svg.png"
"=IMAGE(C133,4,15,23)","Georgia (country)","https://upload.wikimedia.org/wikipedia/commons/thumb/0/0f/Flag_of_Georgia.svg/23px-Flag_of_Georgia.svg.png"
"=IMAGE(C134,4,15,23)","Eritrea","https://upload.wikimedia.org/wikipedia/commons/thumb/2/29/Flag_of_Eritrea.svg/23px-Flag_of_Eritrea.svg.png"
"=IMAGE(C135,4,15,23)","Uruguay","https://upload.wikimedia.org/wikipedia/commons/thumb/f/fe/Flag_of_Uruguay.svg/23px-Flag_of_Uruguay.svg.png"
"=IMAGE(C136,4,15,23)","Bosnia and Herzegovina","https://upload.wikimedia.org/wikipedia/commons/thumb/b/bf/Flag_of_Bosnia_and_Herzegovina.svg/23px-Flag_of_Bosnia_and_Herzegovina.svg.png"
"=IMAGE(C137,4,15,23)","Mongolia","https://upload.wikimedia.org/wikipedia/commons/thumb/4/4c/Flag_of_Mongolia.svg/23px-Flag_of_Mongolia.svg.png"
"=IMAGE(C138,4,15,23)","Armenia","https://upload.wikimedia.org/wikipedia/commons/thumb/2/2f/Flag_of_Armenia.svg/23px-Flag_of_Armenia.svg.png"
"=IMAGE(C139,4,15,23)","Jamaica","https://upload.wikimedia.org/wikipedia/commons/thumb/0/0a/Flag_of_Jamaica.svg/23px-Flag_of_Jamaica.svg.png"
"=IMAGE(C140,4,15,23)","Puerto Rico","https://upload.wikimedia.org/wikipedia/commons/thumb/2/28/Flag_of_Puerto_Rico.svg/23px-Flag_of_Puerto_Rico.svg.png"
"=IMAGE(C141,4,15,23)","Albania","https://upload.wikimedia.org/wikipedia/commons/thumb/3/36/Flag_of_Albania.svg/21px-Flag_of_Albania.svg.png"
"=IMAGE(C142,4,15,23)","Qatar","https://upload.wikimedia.org/wikipedia/commons/thumb/6/65/Flag_of_Qatar.svg/23px-Flag_of_Qatar.svg.png"
"=IMAGE(C143,4,15,23)","Lithuania","https://upload.wikimedia.org/wikipedia/commons/thumb/1/11/Flag_of_Lithuania.svg/23px-Flag_of_Lithuania.svg.png"
"=IMAGE(C144,4,15,23)","Namibia","https://upload.wikimedia.org/wikipedia/commons/thumb/0/00/Flag_of_Namibia.svg/23px-Flag_of_Namibia.svg.png"
"=IMAGE(C145,4,15,23)","The Gambia","https://upload.wikimedia.org/wikipedia/commons/thumb/7/77/Flag_of_The_Gambia.svg/23px-Flag_of_The_Gambia.svg.png"
"=IMAGE(C146,4,15,23)","Botswana","https://upload.wikimedia.org/wikipedia/commons/thumb/f/fa/Flag_of_Botswana.svg/23px-Flag_of_Botswana.svg.png"
"=IMAGE(C147,4,15,23)","Gabon","https://upload.wikimedia.org/wikipedia/commons/thumb/0/04/Flag_of_Gabon.svg/20px-Flag_of_Gabon.svg.png"
"=IMAGE(C148,4,15,23)","Lesotho","https://upload.wikimedia.org/wikipedia/commons/thumb/4/4a/Flag_of_Lesotho.svg/23px-Flag_of_Lesotho.svg.png"
"=IMAGE(C149,4,15,23)","North Macedonia","https://upload.wikimedia.org/wikipedia/commons/thumb/7/79/Flag_of_North_Macedonia.svg/23px-Flag_of_North_Macedonia.svg.png"
"=IMAGE(C150,4,15,23)","Slovenia","https://upload.wikimedia.org/wikipedia/commons/thumb/f/f0/Flag_of_Slovenia.svg/23px-Flag_of_Slovenia.svg.png"
"=IMAGE(C151,4,15,23)","Guinea-Bissau","https://upload.wikimedia.org/wikipedia/commons/thumb/0/01/Flag_of_Guinea-Bissau.svg/23px-Flag_of_Guinea-Bissau.svg.png"
"=IMAGE(C152,4,15,23)","Latvia","https://upload.wikimedia.org/wikipedia/commons/thumb/8/84/Flag_of_Latvia.svg/23px-Flag_of_Latvia.svg.png"
"=IMAGE(C153,4,15,23)","Bahrain","https://upload.wikimedia.org/wikipedia/commons/thumb/2/2c/Flag_of_Bahrain.svg/23px-Flag_of_Bahrain.svg.png"
"=IMAGE(C154,4,15,23)","Trinidad and Tobago","https://upload.wikimedia.org/wikipedia/commons/thumb/6/64/Flag_of_Trinidad_and_Tobago.svg/23px-Flag_of_Trinidad_and_Tobago.svg.png"
"=IMAGE(C155,4,15,23)","Equatorial Guinea","https://upload.wikimedia.org/wikipedia/commons/thumb/3/31/Flag_of_Equatorial_Guinea.svg/23px-Flag_of_Equatorial_Guinea.svg.png"
"=IMAGE(C156,4,15,23)","Estonia","https://upload.wikimedia.org/wikipedia/commons/thumb/8/8f/Flag_of_Estonia.svg/23px-Flag_of_Estonia.svg.png"
"=IMAGE(C157,4,15,23)","East Timor","https://upload.wikimedia.org/wikipedia/commons/thumb/2/26/Flag_of_East_Timor.svg/23px-Flag_of_East_Timor.svg.png"
"=IMAGE(C158,4,15,23)","Mauritius","https://upload.wikimedia.org/wikipedia/commons/thumb/7/77/Flag_of_Mauritius.svg/23px-Flag_of_Mauritius.svg.png"
"=IMAGE(C159,4,15,23)","Cyprus","https://upload.wikimedia.org/wikipedia/commons/thumb/d/d4/Flag_of_Cyprus.svg/23px-Flag_of_Cyprus.svg.png"
"=IMAGE(C160,4,15,23)","Eswatini","https://upload.wikimedia.org/wikipedia/commons/thumb/f/fb/Flag_of_Eswatini.svg/23px-Flag_of_Eswatini.svg.png"
"=IMAGE(C161,4,15,23)","Djibouti","https://upload.wikimedia.org/wikipedia/commons/thumb/3/34/Flag_of_Djibouti.svg/23px-Flag_of_Djibouti.svg.png"
"=IMAGE(C162,4,15,23)","Fiji","https://upload.wikimedia.org/wikipedia/commons/thumb/b/ba/Flag_of_Fiji.svg/23px-Flag_of_Fiji.svg.png"
"=IMAGE(C163,4,15,23)","Réunion","https://upload.wikimedia.org/wikipedia/commons/thumb/8/8e/Proposed_flag_of_R%C3%A9union_%28VAR%29.svg/23px-Proposed_flag_of_R%C3%A9union_%28VAR%29.svg.png"
"=IMAGE(C164,4,15,23)","Comoros","https://upload.wikimedia.org/wikipedia/commons/thumb/9/94/Flag_of_the_Comoros.svg/23px-Flag_of_the_Comoros.svg.png"
"=IMAGE(C165,4,15,23)","Guyana","https://upload.wikimedia.org/wikipedia/commons/thumb/9/99/Flag_of_Guyana.svg/23px-Flag_of_Guyana.svg.png"
"=IMAGE(C166,4,15,23)","Bhutan","https://upload.wikimedia.org/wikipedia/commons/thumb/9/91/Flag_of_Bhutan.svg/23px-Flag_of_Bhutan.svg.png"
"=IMAGE(C167,4,15,23)","Solomon Islands","https://upload.wikimedia.org/wikipedia/commons/thumb/7/74/Flag_of_the_Solomon_Islands.svg/23px-Flag_of_the_Solomon_Islands.svg.png"
"=IMAGE(C168,4,15,23)","Macau","https://upload.wikimedia.org/wikipedia/commons/thumb/6/63/Flag_of_Macau.svg/23px-Flag_of_Macau.svg.png"
"=IMAGE(C169,4,15,23)","Montenegro","https://upload.wikimedia.org/wikipedia/commons/thumb/6/64/Flag_of_Montenegro.svg/23px-Flag_of_Montenegro.svg.png"
"=IMAGE(C170,4,15,23)","Luxembourg","https://upload.wikimedia.org/wikipedia/commons/thumb/d/da/Flag_of_Luxembourg.svg/23px-Flag_of_Luxembourg.svg.png"
"=IMAGE(C171,4,15,23)","Western Sahara","https://upload.wikimedia.org/wikipedia/commons/thumb/5/50/Flag_with_question_mark.svg/23px-Flag_with_question_mark.svg.png"
"=IMAGE(C172,4,15,23)","Suriname","https://upload.wikimedia.org/wikipedia/commons/thumb/6/60/Flag_of_Suriname.svg/23px-Flag_of_Suriname.svg.png"
"=IMAGE(C173,4,15,23)","Cape Verde","https://upload.wikimedia.org/wikipedia/commons/thumb/3/38/Flag_of_Cape_Verde.svg/23px-Flag_of_Cape_Verde.svg.png"
"=IMAGE(C174,4,15,23)","Maldives","https://upload.wikimedia.org/wikipedia/commons/thumb/0/0f/Flag_of_Maldives.svg/23px-Flag_of_Maldives.svg.png"
"=IMAGE(C175,4,15,23)","Guadeloupe","https://upload.wikimedia.org/wikipedia/commons/thumb/7/7d/Flag_of_Guadeloupe_%28local%29_variant.svg/23px-Flag_of_Guadeloupe_%28local%29_variant.svg.png"
"=IMAGE(C176,4,15,23)","Malta","https://upload.wikimedia.org/wikipedia/commons/thumb/7/73/Flag_of_Malta.svg/23px-Flag_of_Malta.svg.png"
"=IMAGE(C177,4,15,23)","Brunei","https://upload.wikimedia.org/wikipedia/commons/thumb/9/9c/Flag_of_Brunei.svg/23px-Flag_of_Brunei.svg.png"
"=IMAGE(C178,4,15,23)","Belize","https://upload.wikimedia.org/wikipedia/commons/thumb/e/e7/Flag_of_Belize.svg/23px-Flag_of_Belize.svg.png"
"=IMAGE(C179,4,15,23)","The Bahamas","https://upload.wikimedia.org/wikipedia/commons/thumb/9/93/Flag_of_the_Bahamas.svg/23px-Flag_of_the_Bahamas.svg.png"
"=IMAGE(C180,4,15,23)","Martinique","https://upload.wikimedia.org/wikipedia/commons/thumb/2/21/Flag_of_the_Territorial_Collectivity_of_Martinique.svg/21px-Flag_of_the_Territorial_Collectivity_of_Martinique.svg.png"
"=IMAGE(C181,4,15,23)","Iceland","https://upload.wikimedia.org/wikipedia/commons/thumb/c/ce/Flag_of_Iceland.svg/21px-Flag_of_Iceland.svg.png"
"=IMAGE(C182,4,15,23)","Vanuatu","https://upload.wikimedia.org/wikipedia/commons/thumb/b/bc/Flag_of_Vanuatu.svg/23px-Flag_of_Vanuatu.svg.png"
"=IMAGE(C183,4,15,23)","Barbados","https://upload.wikimedia.org/wikipedia/commons/thumb/e/ef/Flag_of_Barbados.svg/23px-Flag_of_Barbados.svg.png"
"=IMAGE(C184,4,15,23)","New Caledonia","https://upload.wikimedia.org/wikipedia/commons/thumb/6/66/Flag_of_FLNKS.svg/23px-Flag_of_FLNKS.svg.png"
"=IMAGE(C185,4,15,23)","French Guiana","https://upload.wikimedia.org/wikipedia/commons/thumb/2/29/Flag_of_French_Guiana.svg/23px-Flag_of_French_Guiana.svg.png"
"=IMAGE(C186,4,15,23)","French Polynesia","https://upload.wikimedia.org/wikipedia/commons/thumb/d/db/Flag_of_French_Polynesia.svg/23px-Flag_of_French_Polynesia.svg.png"
"=IMAGE(C187,4,15,23)","Mayotte","https://upload.wikimedia.org/wikipedia/commons/thumb/4/4f/Flag_of_Mayotte_%28Local%29.svg/23px-Flag_of_Mayotte_%28Local%29.svg.png"
"=IMAGE(C188,4,15,23)","São Tomé and Príncipe","https://upload.wikimedia.org/wikipedia/commons/thumb/0/0a/Flag_of_S%C3%A3o_Tom%C3%A9_and_Pr%C3%ADncipe.svg/23px-Flag_of_S%C3%A3o_Tom%C3%A9_and_Pr%C3%ADncipe.svg.png"
"=IMAGE(C189,4,15,23)","Samoa","https://upload.wikimedia.org/wikipedia/commons/thumb/3/31/Flag_of_Samoa.svg/23px-Flag_of_Samoa.svg.png"
"=IMAGE(C190,4,15,23)","Saint Lucia","https://upload.wikimedia.org/wikipedia/commons/thumb/9/9f/Flag_of_Saint_Lucia.svg/23px-Flag_of_Saint_Lucia.svg.png"
"=IMAGE(C191,4,15,23)","Channel Islands","https://upload.wikimedia.org/wikipedia/en/thumb/a/ae/Flag_of_the_United_Kingdom.svg/23px-Flag_of_the_United_Kingdom.svg.png"
"=IMAGE(C192,4,15,23)","Guam","https://upload.wikimedia.org/wikipedia/commons/thumb/0/07/Flag_of_Guam.svg/23px-Flag_of_Guam.svg.png"
"=IMAGE(C193,4,15,23)","Curaçao","https://upload.wikimedia.org/wikipedia/commons/thumb/b/b1/Flag_of_Cura%C3%A7ao.svg/23px-Flag_of_Cura%C3%A7ao.svg.png"
"=IMAGE(C194,4,15,23)","Kiribati","https://upload.wikimedia.org/wikipedia/commons/thumb/d/d3/Flag_of_Kiribati.svg/23px-Flag_of_Kiribati.svg.png"
"=IMAGE(C195,4,15,23)","Federated States of Micronesia","https://upload.wikimedia.org/wikipedia/commons/thumb/e/e4/Flag_of_the_Federated_States_of_Micronesia.svg/23px-Flag_of_the_Federated_States_of_Micronesia.svg.png"
"=IMAGE(C196,4,15,23)","Grenada","https://upload.wikimedia.org/wikipedia/commons/thumb/b/bc/Flag_of_Grenada.svg/23px-Flag_of_Grenada.svg.png"
"=IMAGE(C197,4,15,23)","Tonga","https://upload.wikimedia.org/wikipedia/commons/thumb/9/9a/Flag_of_Tonga.svg/23px-Flag_of_Tonga.svg.png"
"=IMAGE(C198,4,15,23)","Saint Vincent and the Grenadines","https://upload.wikimedia.org/wikipedia/commons/thumb/6/6d/Flag_of_Saint_Vincent_and_the_Grenadines.svg/23px-Flag_of_Saint_Vincent_and_the_Grenadines.svg.png"
"=IMAGE(C199,4,15,23)","Aruba","https://upload.wikimedia.org/wikipedia/commons/thumb/f/f6/Flag_of_Aruba.svg/23px-Flag_of_Aruba.svg.png"
"=IMAGE(C200,4,15,23)","United States Virgin Islands","https://upload.wikimedia.org/wikipedia/commons/thumb/f/f8/Flag_of_the_United_States_Virgin_Islands.svg/23px-Flag_of_the_United_States_Virgin_Islands.svg.png"
"=IMAGE(C201,4,15,23)","Seychelles","https://upload.wikimedia.org/wikipedia/commons/thumb/f/fc/Flag_of_Seychelles.svg/23px-Flag_of_Seychelles.svg.png"
"=IMAGE(C202,4,15,23)","Antigua and Barbuda","https://upload.wikimedia.org/wikipedia/commons/thumb/8/89/Flag_of_Antigua_and_Barbuda.svg/23px-Flag_of_Antigua_and_Barbuda.svg.png"
"=IMAGE(C203,4,15,23)","Isle of Man","https://upload.wikimedia.org/wikipedia/commons/thumb/b/bc/Flag_of_the_Isle_of_Man.svg/23px-Flag_of_the_Isle_of_Man.svg.png"
"=IMAGE(C204,4,15,23)","Andorra","https://upload.wikimedia.org/wikipedia/commons/thumb/1/19/Flag_of_Andorra.svg/22px-Flag_of_Andorra.svg.png"
"=IMAGE(C205,4,15,23)","Dominica","https://upload.wikimedia.org/wikipedia/commons/thumb/c/c4/Flag_of_Dominica.svg/23px-Flag_of_Dominica.svg.png"
"=IMAGE(C206,4,15,23)","Cayman Islands","https://upload.wikimedia.org/wikipedia/commons/thumb/0/0f/Flag_of_the_Cayman_Islands.svg/23px-Flag_of_the_Cayman_Islands.svg.png"
"=IMAGE(C207,4,15,23)","Bermuda","https://upload.wikimedia.org/wikipedia/commons/thumb/b/bf/Flag_of_Bermuda.svg/23px-Flag_of_Bermuda.svg.png"
"=IMAGE(C208,4,15,23)","Marshall Islands","https://upload.wikimedia.org/wikipedia/commons/thumb/2/2e/Flag_of_the_Marshall_Islands.svg/23px-Flag_of_the_Marshall_Islands.svg.png"
"=IMAGE(C209,4,15,23)","Greenland","https://upload.wikimedia.org/wikipedia/commons/thumb/0/09/Flag_of_Greenland.svg/23px-Flag_of_Greenland.svg.png"
"=IMAGE(C210,4,15,23)","Northern Mariana Islands","https://upload.wikimedia.org/wikipedia/commons/thumb/e/e0/Flag_of_the_Northern_Mariana_Islands.svg/23px-Flag_of_the_Northern_Mariana_Islands.svg.png"
"=IMAGE(C211,4,15,23)","American Samoa","https://upload.wikimedia.org/wikipedia/commons/thumb/8/87/Flag_of_American_Samoa.svg/23px-Flag_of_American_Samoa.svg.png"
"=IMAGE(C212,4,15,23)","Saint Kitts and Nevis","https://upload.wikimedia.org/wikipedia/commons/thumb/f/fe/Flag_of_Saint_Kitts_and_Nevis.svg/23px-Flag_of_Saint_Kitts_and_Nevis.svg.png"
"=IMAGE(C213,4,15,23)","Faroe Islands","https://upload.wikimedia.org/wikipedia/commons/thumb/3/3c/Flag_of_the_Faroe_Islands.svg/21px-Flag_of_the_Faroe_Islands.svg.png"
"=IMAGE(C214,4,15,23)","Sint Maarten","https://upload.wikimedia.org/wikipedia/commons/thumb/d/d3/Flag_of_Sint_Maarten.svg/23px-Flag_of_Sint_Maarten.svg.png"
"=IMAGE(C215,4,15,23)","Monaco","https://upload.wikimedia.org/wikipedia/commons/thumb/e/ea/Flag_of_Monaco.svg/19px-Flag_of_Monaco.svg.png"
"=IMAGE(C216,4,15,23)","Turks and Caicos Islands","https://upload.wikimedia.org/wikipedia/commons/thumb/a/a0/Flag_of_the_Turks_and_Caicos_Islands.svg/23px-Flag_of_the_Turks_and_Caicos_Islands.svg.png"
"=IMAGE(C217,4,15,23)","Liechtenstein","https://upload.wikimedia.org/wikipedia/commons/thumb/4/47/Flag_of_Liechtenstein.svg/23px-Flag_of_Liechtenstein.svg.png"
"=IMAGE(C218,4,15,23)","San Marino","https://upload.wikimedia.org/wikipedia/commons/thumb/b/b1/Flag_of_San_Marino.svg/20px-Flag_of_San_Marino.svg.png"
"=IMAGE(C219,4,15,23)","Gibraltar","https://upload.wikimedia.org/wikipedia/commons/thumb/0/02/Flag_of_Gibraltar.svg/23px-Flag_of_Gibraltar.svg.png"
"=IMAGE(C220,4,15,23)","British Virgin Islands","https://upload.wikimedia.org/wikipedia/commons/thumb/4/42/Flag_of_the_British_Virgin_Islands.svg/23px-Flag_of_the_British_Virgin_Islands.svg.png"
"=IMAGE(C221,4,15,23)","Caribbean Netherlands","https://upload.wikimedia.org/wikipedia/commons/thumb/2/20/Flag_of_the_Netherlands.svg/23px-Flag_of_the_Netherlands.svg.png"
"=IMAGE(C222,4,15,23)","Palau","https://upload.wikimedia.org/wikipedia/commons/thumb/4/48/Flag_of_Palau.svg/23px-Flag_of_Palau.svg.png"
"=IMAGE(C223,4,15,23)","Cook Islands","https://upload.wikimedia.org/wikipedia/commons/thumb/3/35/Flag_of_the_Cook_Islands.svg/23px-Flag_of_the_Cook_Islands.svg.png"
"=IMAGE(C224,4,15,23)","Anguilla","https://upload.wikimedia.org/wikipedia/commons/thumb/b/b4/Flag_of_Anguilla.svg/23px-Flag_of_Anguilla.svg.png"
"=IMAGE(C225,4,15,23)","Tuvalu","https://upload.wikimedia.org/wikipedia/commons/thumb/3/38/Flag_of_Tuvalu.svg/23px-Flag_of_Tuvalu.svg.png"
"=IMAGE(C226,4,15,23)","Wallis and Futuna","https://upload.wikimedia.org/wikipedia/commons/thumb/d/d2/Flag_of_Wallis_and_Futuna.svg/23px-Flag_of_Wallis_and_Futuna.svg.png"
"=IMAGE(C227,4,15,23)","Nauru","https://upload.wikimedia.org/wikipedia/commons/thumb/3/30/Flag_of_Nauru.svg/23px-Flag_of_Nauru.svg.png"
"=IMAGE(C228,4,15,23)","Saint Helena, Ascension and Tristan da Cunha","https://upload.wikimedia.org/wikipedia/en/thumb/a/ae/Flag_of_the_United_Kingdom.svg/23px-Flag_of_the_United_Kingdom.svg.png"
"=IMAGE(C229,4,15,23)","Saint Pierre and Miquelon","https://upload.wikimedia.org/wikipedia/commons/thumb/7/74/Flag_of_Saint-Pierre_and_Miquelon.svg/23px-Flag_of_Saint-Pierre_and_Miquelon.svg.png"
"=IMAGE(C230,4,15,23)","Montserrat","https://upload.wikimedia.org/wikipedia/commons/thumb/d/d0/Flag_of_Montserrat.svg/23px-Flag_of_Montserrat.svg.png"
"=IMAGE(C231,4,15,23)","Falkland Islands","https://upload.wikimedia.org/wikipedia/commons/thumb/8/83/Flag_of_the_Falkland_Islands.svg/23px-Flag_of_the_Falkland_Islands.svg.png"
"=IMAGE(C232,4,15,23)","Niue","https://upload.wikimedia.org/wikipedia/commons/thumb/0/01/Flag_of_Niue.svg/23px-Flag_of_Niue.svg.png"
"=IMAGE(C233,4,15,23)","Tokelau","https://upload.wikimedia.org/wikipedia/commons/thumb/8/8e/Flag_of_Tokelau.svg/23px-Flag_of_Tokelau.svg.png"
"=IMAGE(C234,4,15,23)","Vatican City","https://upload.wikimedia.org/wikipedia/commons/thumb/0/00/Flag_of_the_Vatican_City.svg/16px-Flag_of_the_Vatican_City.svg.png"
"=IMAGE(C237,4,15,23)","List of countries and dependencies by population","https:undefined"
"=IMAGE(C238,4,15,23)","List of African countries by population","https:undefined"
"=IMAGE(C239,4,15,23)","List of countries in the Americas by population","https:undefined"
"=IMAGE(C240,4,15,23)","List of largest cities","https:undefined"
"=IMAGE(C241,4,15,23)","List of countries by past and projected future population","https:undefined"
"=IMAGE(C242,4,15,23)","List of countries and dependencies by population density","https:undefined"
"=IMAGE(C243,4,15,23)","List of countries by population growth rate","https:undefined"
"=IMAGE(C244,4,15,23)","List of countries by mean age at childbearing","https:undefined"
"=IMAGE(C245,4,15,23)","List of countries by antidepressant consumption","https:undefined"
"=IMAGE(C246,4,15,23)","Bloomberg Innovation Index","https:undefined"
"=IMAGE(C247,4,15,23)","List of countries by share of population with access to financial services","https:undefined"
"=IMAGE(C248,4,15,23)","List of international rankings","https:undefined"